Family,species_name,max_length_m,max_mass_kg,max_mass_max_length_ratio,dentition,migratory_behaviour,max_diving_depth,average_group_size,prey_choice,confidence_max_length,confidence_max_mass,confidence_mass_length_ratio,confidence_dentition,confidence_migratory_behaviour,confidence_max_diving_depth,confidence_group_size,confidence_prey_choice,PCEEZ,Global
BALAENIDAE,Balaena_mysticetus,very_large,very_large,high,LB,Migratory,upper_mesopelagic,Small,zooplankton,1,1,1,1,1,1,1,1,0,1
BALAENOPTERIDAE,Balaenoptera_acutorostrata,intermediate,large,medium,SB,Migratory,epipelagic,Small,zooplankton,1,1,1,1,1,1,1,1,1,1
BALAENOPTERIDAE,Balaenoptera_bonaerensis,large,large,medium,SB,Migratory,epipelagic,Small,zooplankton,1,1,1,1,1,1,1,1,0,1
BALAENOPTERIDAE,Balaenoptera_borealis,very_large,very_large,high,SB,Migratory,epipelagic,Small,zooplankton,1,1,1,1,1,1,1,1,1,1
BALAENOPTERIDAE,Balaenoptera_edeni,very_large,very_large,high,SB,Mixed,upper_mesopelagic,Small,zooplankton,1,1,1,1,1,1,1,1,0,1
BALAENOPTERIDAE,Balaenoptera_musculus,very_large,very_large,high,SB,Migratory,upper_mesopelagic,Solitary,zooplankton,1,1,1,1,1,1,1,1,1,1
BALAENOPTERIDAE,Balaenoptera_omurai,large,very_large,high,SB,Non-Migratory,upper_mesopelagic,Solitary,zooplankton,1,1,1,1,1,1,1,1,0,1
BALAENOPTERIDAE,Balaenoptera_physalus,very_large,very_large,high,SB,Migratory,upper_mesopelagic,Solitary,zooplankton,1,1,1,1,1,1,1,1,1,1
BALAENOPTERIDAE,Balaenoptera_ricei,large,very_large,high,SB,Non-Migratory,upper_mesopelagic,Small,fish,1,0,0,1,1,1,1,1,0,1
ZIPHIIDAE,Berardius_arnuxii,intermediate,large,medium,NFCT,Non-Migratory,bathypelagic,Medium_Small,cephalopods,1,1,1,1,1,1,1,1,0,1
ZIPHIIDAE,Berardius_bairdii,large,very_large,high,NFCT,Non-Migratory,bathypelagic,Medium,cephalopods,1,1,1,1,1,1,1,1,1,1
ZIPHIIDAE,Berardius_minimus,intermediate,large,high,NFCT,Non-Migratory,bathypelagic,Small,cephalopods,1,0,0,1,0,0,1,0,0,1
NEOBALAENIDAE,Caperea_marginata,intermediate,large,medium,SB,Migratory,epipelagic,Solitary,zooplankton,1,1,1,1,1,1,1,1,0,1
DELPHINIDAE,Cephalorhynchus_commersonii,small,small,low,FCT,Non-Migratory,epipelagic,Small,fish,1,1,1,1,1,1,1,1,0,1
DELPHINIDAE,Cephalorhynchus_eutropia,small,small,low,FCT,Non-Migratory,epipelagic,Medium_Small,fish,1,1,1,1,1,1,1,1,0,1
DELPHINIDAE,Cephalorhynchus_heavisidii,small,small,low,FCT,Non-Migratory,epipelagic,Small,fish,1,1,1,1,1,1,1,1,0,1
DELPHINIDAE,Cephalorhynchus_hectori,small,small,low,FCT,Non-Migratory,epipelagic,Medium_Small,fish,1,1,1,1,1,1,1,1,0,1
MONODONTIDAE,Delphinapterus_leucas,intermediate,large,medium,FCT,Migratory,lower_mesopelagic,Medium_Small,fish,1,1,1,1,1,1,1,1,0,1
DELPHINIDAE,Delphinus_delphis,small,intermediate,low,FCT,Migratory,upper_mesopelagic,Large,fish,1,1,1,1,1,1,1,1,1,1
ESCHRICHTIIDAE,Eschrichtius_robustus,very_large,very_large,high,SB,Migratory,epipelagic,Solitary,non_cephalopod_invertebrates,1,1,1,1,1,1,1,1,1,1
BALAENIDAE,Eubalaena_australis,very_large,very_large,high,LB,Migratory,upper_mesopelagic,Solitary,zooplankton,1,1,1,1,1,1,0,1,0,1
BALAENIDAE,Eubalaena_glacialis,very_large,very_large,high,LB,Migratory,epipelagic,Solitary,zooplankton,1,1,1,1,1,1,1,1,0,1
BALAENIDAE,Eubalaena_japonica,very_large,very_large,high,LB,Migratory,upper_mesopelagic,Solitary,zooplankton,1,1,1,1,1,0,1,1,1,1
DELPHINIDAE,Feresa_attenuata,small,intermediate,low,FCT,Non-Migratory,lower_mesopelagic,Medium_Large,fish,1,1,1,1,1,1,1,1,0,1
DELPHINIDAE,Globicephala_macrorhynchus,intermediate,large,medium,FCT,Non-Migratory,lower_mesopelagic,Large,cephalopods,1,1,1,1,1,1,1,1,1,1
DELPHINIDAE,Globicephala_melas,intermediate,large,medium,FCT,Non-Migratory,lower_mesopelagic,Large,cephalopods,1,1,1,1,1,1,1,1,0,1
DELPHINIDAE,Grampus_griseus,small,intermediate,medium,FCT,Mixed,upper_mesopelagic,Medium_Large,cephalopods,1,1,1,1,1,1,1,1,1,1
ZIPHIIDAE,Hyperoodon_ampullatus,intermediate,large,medium,FCT,Mixed,bathypelagic,Small,cephalopods,1,1,1,1,1,1,1,1,0,1
ZIPHIIDAE,Hyperoodon_planifrons,intermediate,large,high,FCT,Mixed,bathypelagic,Medium_Small,cephalopods,1,1,1,1,0,0,1,1,0,1
ZIPHIIDAE,Indopacetus_pacificus,intermediate,large,high,NFCT,Mixed,bathypelagic,Medium,cephalopods,1,1,1,1,0,0,1,1,0,1
KOGIIDAE,Kogia_breviceps,small,intermediate,medium,FCT,Non-Migratory,bathypelagic,Small,cephalopods,1,1,1,1,1,1,1,1,1,1
KOGIIDAE,Kogia_sima,small,intermediate,medium,FCT,Non-Migratory,bathypelagic,Medium_Small,cephalopods,1,1,1,1,1,1,1,1,1,1
DELPHINIDAE,Lagenodelphis_hosei,small,intermediate,low,FCT,Non-Migratory,lower_mesopelagic,Large,cephalopods,1,1,1,1,0,1,1,1,0,1
DELPHINIDAE,Lagenorhynchus_acutus,small,intermediate,low,FCT,Migratory,epipelagic,Medium_Large,fish,1,1,1,1,1,0,1,1,0,1
DELPHINIDAE,Lagenorhynchus_albirostris,small,intermediate,medium,FCT,Non-Migratory,epipelagic,Medium_Small,fish,1,1,1,1,1,0,1,1,0,1
DELPHINIDAE,Lagenorhynchus_australis,small,intermediate,low,FCT,Non-Migratory,epipelagic,Small,fish,1,1,1,1,1,1,1,1,0,1
DELPHINIDAE,Lagenorhynchus_cruciger,small,small,low,FCT,Non-Migratory,epipelagic,Medium_Small,fish,1,1,1,1,0,0,1,1,0,1
DELPHINIDAE,Lagenorhynchus_obscurus,small,small,low,FCT,Non-Migratory,epipelagic,Medium_Small,cephalopods,1,1,1,1,1,1,1,1,0,1
DELPHINIDAE,Lissodelphis_borealis,small,intermediate,low,FCT,Migratory,epipelagic,Large,cephalopods,1,1,1,1,1,0,1,1,1,1
DELPHINIDAE,Lissodelphis_peronii,small,intermediate,low,FCT,Mixed,upper_mesopelagic,Large,cephalopods,1,1,1,1,1,0,1,1,0,1
BALAENOPTERIDAE,Megaptera_novaeangliae,very_large,very_large,high,SB,Migratory,epipelagic,Small,zooplankton,1,1,1,1,1,1,1,1,1,1
ZIPHIIDAE,Mesoplodon_bidens,intermediate,large,medium,NFCT,Non-Migratory,bathypelagic,Small,cephalopods,1,1,1,1,0,1,1,1,0,1
ZIPHIIDAE,Mesoplodon_bowdoini,small,large,medium,NFCT,Migratory,bathypelagic,Small,cephalopods,1,1,1,1,0,0,1,1,0,1
ZIPHIIDAE,Mesoplodon_carlhubbsi,intermediate,large,medium,NFCT,Migratory,bathypelagic,Small,cephalopods,1,1,1,1,0,0,1,1,1,1
ZIPHIIDAE,Mesoplodon_densirostris,small,large,medium,NFCT,Non-Migratory,bathypelagic,Small,cephalopods,1,1,1,1,1,1,1,1,0,1
ZIPHIIDAE,Mesoplodon_eueu,intermediate,large,medium,NFCT,Migratory,bathypelagic,Small,cephalopods,1,0,0,1,0,0,1,1,0,1
ZIPHIIDAE,Mesoplodon_europaeus,small,large,medium,NFCT,Migratory,bathypelagic,Small,cephalopods,1,1,1,1,0,1,1,1,0,1
ZIPHIIDAE,Mesoplodon_ginkgodens,intermediate,large,medium,NFCT,Non-Migratory,bathypelagic,Small,cephalopods,1,1,1,1,1,0,1,1,0,1
ZIPHIIDAE,Mesoplodon_grayi,intermediate,large,medium,FCT,Migratory,bathypelagic,Small,cephalopods,1,1,1,1,0,1,1,1,0,1
ZIPHIIDAE,Mesoplodon_hectori,small,large,medium,NFCT,Migratory,bathypelagic,Small,cephalopods,1,1,1,1,0,0,1,1,0,1
ZIPHIIDAE,Mesoplodon_hotaula,small,large,medium,NFCT,Migratory,bathypelagic,Small,cephalopods,1,0,0,1,0,0,0,0,0,1
ZIPHIIDAE,Mesoplodon_layardii,intermediate,large,medium,NFCT,Migratory,bathypelagic,Small,cephalopods,1,1,1,1,1,1,1,1,0,1
ZIPHIIDAE,Mesoplodon_mirus,intermediate,large,medium,NFCT,Migratory,bathypelagic,Small,cephalopods,1,1,1,1,0,1,1,1,0,1
ZIPHIIDAE,Mesoplodon_perrini,small,large,medium,NFCT,Migratory,bathypelagic,Small,cephalopods,1,1,1,1,1,0,1,1,0,1
ZIPHIIDAE,Mesoplodon_peruvianus,small,intermediate,medium,NFCT,Migratory,bathypelagic,Small,cephalopods,1,1,1,1,1,0,1,1,0,1
ZIPHIIDAE,Mesoplodon_stejnegeri,intermediate,large,medium,NFCT,Migratory,bathypelagic,Small,cephalopods,1,1,1,1,1,1,1,1,1,1
ZIPHIIDAE,Mesoplodon_traversii,intermediate,large,medium,NFCT,Migratory,bathypelagic,Small,cephalopods,0,1,0,1,0,0,1,1,0,1
MONODONTIDAE,Monodon_monoceros,small,large,medium,NFCT,Migratory,bathypelagic,Medium_Small,fish,1,1,1,1,1,1,1,1,0,1
PHOCOENIDAE,Neophocaena_asiaeorientalis,small,small,low,FCT,Non-Migratory,epipelagic,Small,fish,1,1,1,1,1,0,1,1,0,1
PHOCOENIDAE,Neophocaena_phocaenoides,small,intermediate,medium,FCT,Non-Migratory,epipelagic,Small,cephalopods,1,1,1,1,1,1,1,1,0,1
DELPHINIDAE,Orcaella_brevirostris,small,intermediate,low,FCT,Non-Migratory,epipelagic,Small,fish,1,1,1,1,1,1,1,1,0,1
DELPHINIDAE,Orcaella_heinsohni,small,intermediate,low,FCT,Non-Migratory,epipelagic,Small,fish,1,1,1,1,1,1,1,1,0,1
DELPHINIDAE,Orcinus_orca,intermediate,large,medium,FCT,Mixed,upper_mesopelagic,Medium,high_vertebrates,1,1,1,1,1,1,1,1,1,1
DELPHINIDAE,Peponocephala_electra,small,intermediate,medium,FCT,Non-Migratory,upper_mesopelagic,Large,cephalopods,1,1,1,1,1,1,1,1,0,1
PHOCOENIDAE,Phocoena_dioptrica,small,intermediate,low,FCT,Migratory,epipelagic,Small,fish,1,1,1,1,1,0,1,1,0,1
PHOCOENIDAE,Phocoena_phocoena,small,small,low,FCT,Mixed,upper_mesopelagic,Small,fish,1,1,1,1,1,1,1,1,1,1
PHOCOENIDAE,Phocoena_sinus,small,small,low,FCT,Non-Migratory,epipelagic,Solitary,fish,1,1,1,1,1,1,1,1,0,1
PHOCOENIDAE,Phocoena_spinipinnis,small,small,low,FCT,Non-Migratory,epipelagic,Medium_Small,fish,1,1,1,1,1,0,1,1,0,1
PHOCOENIDAE,Phocoenoides_dalli,small,intermediate,low,FCT,Migratory,upper_mesopelagic,Medium_Small,cephalopods,1,1,1,1,1,1,1,1,1,1
PHYSETERIDAE,Physeter_macrocephalus,very_large,very_large,high,FCT,Mixed,bathypelagic,Medium,cephalopods,1,1,1,1,1,1,1,1,1,1
PONTOPORIIDAE,Pontoporia_blainvillei,small,small,low,FCT,Non-Migratory,epipelagic,Medium_Small,fish,1,1,1,1,1,1,1,1,0,1
DELPHINIDAE,Pseudorca_crassidens,intermediate,large,medium,FCT,Mixed,upper_mesopelagic,Medium,fish,1,1,1,1,1,1,1,1,1,1
DELPHINIDAE,Sagmatias_obliquidens,small,intermediate,low,FCT,Non-Migratory,lower_mesopelagic,Medium_Large,cephalopods,1,1,1,1,1,1,1,1,1,1
DELPHINIDAE,Sotalia_guianensis,small,small,low,FCT,Non-Migratory,epipelagic,Small,fish,1,1,1,1,1,1,1,1,0,1
DELPHINIDAE,Sousa_chinensis,small,intermediate,medium,FCT,Non-Migratory,epipelagic,Solitary,fish,1,1,1,1,1,1,1,1,0,1
DELPHINIDAE,Sousa_plumbea,small,intermediate,medium,FCT,Non-Migratory,epipelagic,Medium,fish,1,1,1,1,1,1,1,1,0,1
DELPHINIDAE,Sousa_sahulensis,small,intermediate,medium,FCT,Non-Migratory,epipelagic,Small,fish,1,0,0,1,1,1,1,1,0,1
DELPHINIDAE,Sousa_teuszii,small,intermediate,medium,FCT,Non-Migratory,epipelagic,Solitary,fish,1,1,1,1,1,1,1,1,0,1
DELPHINIDAE,Stenella_attenuata,small,intermediate,low,FCT,Mixed,epipelagic,Large,fish,1,1,1,1,1,0,1,1,0,1
DELPHINIDAE,Stenella_clymene,small,small,low,FCT,Non-Migratory,epipelagic,Large,fish,1,1,1,1,1,0,1,1,0,1
DELPHINIDAE,Stenella_coeruleoalba,small,intermediate,low,FCT,Non-Migratory,lower_mesopelagic,Large,cephalopods,1,1,1,1,1,1,1,1,1,1
DELPHINIDAE,Stenella_frontalis,small,intermediate,low,FCT,Non-Migratory,epipelagic,Medium,fish,1,1,1,1,1,1,1,1,0,1
DELPHINIDAE,Stenella_longirostris,small,small,low,FCT,Mixed,lower_mesopelagic,Medium_Large,cephalopods,1,1,1,1,1,1,1,1,0,1
DELPHINIDAE,Steno_bredanensis,small,intermediate,low,FCT,Non-Migratory,epipelagic,Medium,fish,1,1,1,1,0,1,1,1,0,1
ZIPHIIDAE,Tasmacetus_shepherdi,intermediate,large,medium,FCT,Migratory,bathypelagic,Small,cephalopods,1,1,1,1,0,0,1,1,0,1
DELPHINIDAE,Tursiops_aduncus,small,intermediate,low,FCT,Non-Migratory,lower_mesopelagic,Medium_Small,fish,1,1,1,1,1,1,1,1,0,1
DELPHINIDAE,Tursiops_truncatus,small,intermediate,medium,FCT,Mixed,lower_mesopelagic,Medium_Small,fish,1,1,1,1,1,1,1,1,1,1
ZIPHIIDAE,Ziphius_cavirostris,intermediate,large,medium,NFCT,Mixed,bathypelagic,Small,cephalopods,1,1,1,1,1,1,1,1,1,1
